{"cameraMode":{"drawMode":0,"name":"Shaded","section":"Shading Mode"},"sceneLighting":false,"audioPlay":false,"sceneViewState":{"showFog":true,"showMaterialUpdate":false,"showSkybox":false,"showFlares":true,"showImageEffects":true,"showParticleSystems":true},"in2DMode":false,"pivot":{"x":-24.9317684173584,"y":-33.07189178466797,"z":-27.283893585205079},"rotation":{"x":-0.10118971765041352,"y":0.8981229662895203,"z":-0.32063180208206179,"w":-0.28344491124153139},"size":84.9522705078125,"orthographic":false}