{"cameraMode":{"drawMode":0,"name":"Shaded","section":"Shading Mode"},"sceneLighting":false,"audioPlay":false,"sceneViewState":{"showFog":true,"showMaterialUpdate":false,"showSkybox":false,"showFlares":true,"showImageEffects":true,"showParticleSystems":true},"in2DMode":false,"pivot":{"x":-6.779109954833984,"y":-25.19867515563965,"z":35.51924133300781},"rotation":{"x":-0.3671681880950928,"y":-0.048525940626859668,"z":0.01918632909655571,"w":-0.9286947250366211},"size":80.37532806396485,"orthographic":false}