{"cameraMode":{"drawMode":0,"name":"Shaded","section":"Shading Mode"},"sceneLighting":false,"audioPlay":false,"sceneViewState":{"showFog":true,"showMaterialUpdate":false,"showSkybox":false,"showFlares":true,"showImageEffects":true,"showParticleSystems":true},"in2DMode":false,"pivot":{"x":-1.7652647495269776,"y":6.751197814941406,"z":3.4674458503723146},"rotation":{"x":0.04104508087038994,"y":0.9390028119087219,"z":-0.3194281756877899,"w":0.1206587627530098},"size":12.18546199798584,"orthographic":true}