{"cameraMode":{"drawMode":0,"name":"Shaded","section":"Shading Mode"},"sceneLighting":false,"audioPlay":false,"sceneViewState":{"showFog":true,"showMaterialUpdate":false,"showSkybox":false,"showFlares":true,"showImageEffects":true,"showParticleSystems":true},"in2DMode":false,"pivot":{"x":-5.436722278594971,"y":2.472208023071289,"z":5.454351902008057},"rotation":{"x":-0.38662925362586977,"y":0.3434293866157532,"z":-0.15784414112567902,"w":-0.8412302136421204},"size":21.752384185791017,"orthographic":false}