{"cameraMode":{"drawMode":0,"name":"Shaded","section":"Shading Mode"},"sceneLighting":false,"audioPlay":false,"sceneViewState":{"showFog":true,"showMaterialUpdate":false,"showSkybox":false,"showFlares":true,"showImageEffects":true,"showParticleSystems":true},"in2DMode":false,"pivot":{"x":0.6488866806030273,"y":2.109513282775879,"z":-5.46512508392334},"rotation":{"x":-0.28554314374923708,"y":-0.6501479744911194,"z":0.28917059302330019,"w":-0.642000675201416},"size":27.867591857910158,"orthographic":false}