{"cameraMode":{"drawMode":0,"name":"Shaded","section":"Shading Mode"},"sceneLighting":false,"audioPlay":false,"sceneViewState":{"showFog":true,"showMaterialUpdate":false,"showSkybox":false,"showFlares":true,"showImageEffects":true,"showParticleSystems":true},"in2DMode":false,"pivot":{"x":1.5000202655792237,"y":0.0650002509355545,"z":1.5},"rotation":{"x":0.16800238192081452,"y":0.8309853076934815,"z":-0.3968098759651184,"w":0.3518248498439789},"size":4.587547779083252,"orthographic":false}