{"cameraMode":{"drawMode":0,"name":"Shaded","section":"Shading Mode"},"sceneLighting":false,"audioPlay":false,"sceneViewState":{"showFog":true,"showMaterialUpdate":false,"showSkybox":false,"showFlares":true,"showImageEffects":true,"showParticleSystems":true},"in2DMode":false,"pivot":{"x":0.0,"y":1.565000295639038,"z":-0.000001430511474609375},"rotation":{"x":-0.4273473620414734,"y":0.27355146408081057,"z":-0.13742609322071076,"w":-0.8506910800933838},"size":64.21070861816406,"orthographic":false}