{"cameraMode":{"drawMode":0,"name":"Shaded","section":"Shading Mode"},"sceneLighting":false,"audioPlay":false,"sceneViewState":{"showFog":true,"showMaterialUpdate":false,"showSkybox":false,"showFlares":true,"showImageEffects":true,"showParticleSystems":true},"in2DMode":false,"pivot":{"x":-2.310638427734375,"y":-5.2000932693481449,"z":-2.7369439601898195},"rotation":{"x":-0.4666290879249573,"y":0.2001718133687973,"z":-0.10930975526571274,"w":-0.8545467853546143},"size":25.366199493408204,"orthographic":false}