{"cameraMode":{"drawMode":0,"name":"Shaded","section":"Shading Mode"},"sceneLighting":true,"audioPlay":false,"sceneViewState":{"showFog":true,"showMaterialUpdate":false,"showSkybox":false,"showFlares":true,"showImageEffects":true,"showParticleSystems":true},"in2DMode":false,"pivot":{"x":3.624912738800049,"y":-12.331586837768555,"z":8.22039794921875},"rotation":{"x":0.4297219514846802,"y":0.18387851119041444,"z":-0.08984936028718949,"w":0.879466712474823},"size":42.1148796081543,"orthographic":false}