{"cameraMode":{"drawMode":0,"name":"Shaded","section":"Shading Mode"},"sceneLighting":false,"audioPlay":false,"sceneViewState":{"showFog":true,"showMaterialUpdate":false,"showSkybox":false,"showFlares":true,"showImageEffects":true,"showParticleSystems":true},"in2DMode":false,"pivot":{"x":7.196561813354492,"y":-3.692049026489258,"z":-23.196413040161134},"rotation":{"x":-0.20559220016002656,"y":-0.7835391163825989,"z":0.33451327681541445,"w":-0.4815709888935089},"size":57.1830940246582,"orthographic":false}