{"cameraMode":{"drawMode":0,"name":"Shaded","section":"Shading Mode"},"sceneLighting":false,"audioPlay":false,"sceneViewState":{"showFog":true,"showMaterialUpdate":false,"showSkybox":false,"showFlares":true,"showImageEffects":true,"showParticleSystems":true},"in2DMode":false,"pivot":{"x":3.34517765045166,"y":-9.660163879394532,"z":2.6872196197509767},"rotation":{"x":0.37152552604675295,"y":0.2315879613161087,"z":-0.09625235944986344,"w":0.8939083218574524},"size":42.924381256103519,"orthographic":false}