{"cameraMode":{"drawMode":0,"name":"Shaded","section":"Shading Mode"},"sceneLighting":false,"audioPlay":false,"sceneViewState":{"showFog":true,"showMaterialUpdate":false,"showSkybox":false,"showFlares":true,"showImageEffects":true,"showParticleSystems":true},"in2DMode":false,"pivot":{"x":-2.099292755126953,"y":-9.069419860839844,"z":0.34040069580078127},"rotation":{"x":-0.3296492099761963,"y":0.4362342953681946,"z":-0.17565976083278657,"w":-0.8186483979225159},"size":44.909297943115237,"orthographic":false}