{"cameraMode":{"drawMode":0,"name":"Shaded","section":"Shading Mode"},"sceneLighting":false,"audioPlay":false,"sceneViewState":{"showFog":true,"showMaterialUpdate":false,"showSkybox":false,"showFlares":true,"showImageEffects":true,"showParticleSystems":true},"in2DMode":false,"pivot":{"x":72.52945709228516,"y":57.26544952392578,"z":-221.8634033203125},"rotation":{"x":0.9386749863624573,"y":-0.026445036754012109,"z":-0.33574506640434267,"w":-0.07393401116132736},"size":5.275335788726807,"orthographic":true}