{"cameraMode":{"drawMode":0,"name":"Shaded","section":"Shading Mode"},"sceneLighting":true,"audioPlay":false,"sceneViewState":{"showFog":true,"showMaterialUpdate":false,"showSkybox":true,"showFlares":true,"showImageEffects":true,"showParticleSystems":true},"in2DMode":false,"pivot":{"x":-80.30000305175781,"y":1.7000000476837159,"z":87.77999877929688},"rotation":{"x":0.0783686712384224,"y":0.16138547658920289,"z":-0.012859039939939976,"w":0.9836943745613098},"size":8.23071575164795,"orthographic":false}