{"cameraMode":{"drawMode":0,"name":"Shaded","section":"Shading Mode"},"sceneLighting":false,"audioPlay":false,"sceneViewState":{"showFog":true,"showMaterialUpdate":false,"showSkybox":false,"showFlares":true,"showImageEffects":true,"showParticleSystems":true},"in2DMode":false,"pivot":{"x":-1.7652647495269776,"y":6.751197814941406,"z":3.4674458503723146},"rotation":{"x":0.060478899627923968,"y":0.9282035827636719,"z":-0.3235417306423187,"w":0.1735081970691681},"size":10.134880065917969,"orthographic":true}