{"cameraMode":{"drawMode":0,"name":"Shaded","section":"Shading Mode"},"sceneLighting":false,"audioPlay":false,"sceneViewState":{"showFog":true,"showMaterialUpdate":false,"showSkybox":false,"showFlares":true,"showImageEffects":true,"showParticleSystems":true},"in2DMode":false,"pivot":{"x":9.5367431640625e-7,"y":1.5,"z":-0.000001430511474609375},"rotation":{"x":-0.32395273447036745,"y":0.46180030703544619,"z":-0.1859552264213562,"w":-0.8045042157173157},"size":30.480758666992189,"orthographic":true}