{"cameraMode":{"drawMode":0,"name":"Shaded","section":"Shading Mode"},"sceneLighting":true,"audioPlay":false,"sceneViewState":{"showFog":true,"showMaterialUpdate":false,"showSkybox":true,"showFlares":true,"showImageEffects":true,"showParticleSystems":true},"in2DMode":false,"pivot":{"x":-79.97200012207031,"y":2.313507080078125,"z":85.10398864746094},"rotation":{"x":-0.06059766188263893,"y":0.939297080039978,"z":-0.24635621905326844,"w":-0.23103097081184388},"size":22.0,"orthographic":true}