{"cameraMode":{"drawMode":0,"name":"Shaded","section":"Shading Mode"},"sceneLighting":false,"audioPlay":false,"sceneViewState":{"showFog":true,"showMaterialUpdate":false,"showSkybox":false,"showFlares":true,"showImageEffects":true,"showParticleSystems":true},"in2DMode":false,"pivot":{"x":9.000000953674317,"y":-0.01125006377696991,"z":4.500003814697266},"rotation":{"x":-0.7232999801635742,"y":0.014906597323715687,"z":-0.01562516950070858,"w":-0.6902013421058655},"size":24.750965118408204,"orthographic":false}