{"cameraMode":{"drawMode":0,"name":"Shaded","section":"Shading Mode"},"sceneLighting":false,"audioPlay":false,"sceneViewState":{"showFog":true,"showMaterialUpdate":false,"showSkybox":false,"showFlares":true,"showImageEffects":true,"showParticleSystems":true},"in2DMode":false,"pivot":{"x":-9.91952896118164,"y":-5.528663635253906,"z":-0.43783795833587649},"rotation":{"x":-0.1897561103105545,"y":0.6912195682525635,"z":-0.19600322842597962,"w":-0.669179379940033},"size":40.85182189941406,"orthographic":false}