{"cameraMode":{"drawMode":0,"name":"Shaded","section":"Shading Mode"},"sceneLighting":false,"audioPlay":false,"sceneViewState":{"showFog":true,"showMaterialUpdate":false,"showSkybox":false,"showFlares":true,"showImageEffects":true,"showParticleSystems":true},"in2DMode":false,"pivot":{"x":1.5748577117919922,"y":-3.918750762939453,"z":1.8973191976547242},"rotation":{"x":-0.38662925362586977,"y":0.3434293866157532,"z":-0.15784414112567902,"w":-0.8412302136421204},"size":27.052536010742189,"orthographic":false}