{"cameraMode":{"drawMode":0,"name":"Shaded","section":"Shading Mode"},"sceneLighting":false,"audioPlay":false,"sceneViewState":{"showFog":true,"showMaterialUpdate":false,"showSkybox":false,"showFlares":true,"showImageEffects":true,"showParticleSystems":true},"in2DMode":false,"pivot":{"x":9.0023775100708,"y":-0.008504867553710938,"z":4.445010662078857},"rotation":{"x":-0.7253673076629639,"y":0.014859653078019619,"z":-0.015669818967580797,"w":-0.6880282759666443},"size":16.94785499572754,"orthographic":false}