{"cameraMode":{"drawMode":0,"name":"Shaded","section":"Shading Mode"},"sceneLighting":false,"audioPlay":false,"sceneViewState":{"showFog":true,"showMaterialUpdate":false,"showSkybox":false,"showFlares":true,"showImageEffects":true,"showParticleSystems":true},"in2DMode":false,"pivot":{"x":0.47108376026153567,"y":1.6531240940093995,"z":0.5932323932647705},"rotation":{"x":-0.4388357400894165,"y":-0.08548086881637573,"z":0.04197755455970764,"w":-0.8935125470161438},"size":4.2590131759643559,"orthographic":false}