{"cameraMode":{"drawMode":0,"name":"Shaded","section":"Shading Mode"},"sceneLighting":true,"audioPlay":false,"sceneViewState":{"showFog":true,"showMaterialUpdate":false,"showSkybox":true,"showFlares":true,"showImageEffects":true,"showParticleSystems":true},"in2DMode":false,"pivot":{"x":-80.04679870605469,"y":2.3134994506835939,"z":85.10399627685547},"rotation":{"x":-0.08315478265285492,"y":0.28896939754486086,"z":-0.025203853845596315,"w":-0.9533871412277222},"size":204.4530029296875,"orthographic":true}