{"cameraMode":{"drawMode":0,"name":"Shaded","section":"Shading Mode"},"sceneLighting":false,"audioPlay":false,"sceneViewState":{"showFog":true,"showMaterialUpdate":false,"showSkybox":false,"showFlares":true,"showImageEffects":true,"showParticleSystems":true},"in2DMode":false,"pivot":{"x":-6.128196716308594,"y":-8.913187980651856,"z":2.1880311965942385},"rotation":{"x":-0.3581986427307129,"y":0.3779847323894501,"z":-0.1615118831396103,"w":-0.8383018374443054},"size":38.41316223144531,"orthographic":false}