{"cameraMode":{"drawMode":0,"name":"Shaded","section":"Shading Mode"},"sceneLighting":false,"audioPlay":false,"sceneViewState":{"showFog":true,"showMaterialUpdate":false,"showSkybox":false,"showFlares":true,"showImageEffects":true,"showParticleSystems":true},"in2DMode":false,"pivot":{"x":1.101989984512329,"y":4.733405590057373,"z":-6.004402160644531},"rotation":{"x":0.37856319546699526,"y":-0.3626655340194702,"z":0.16431079804897309,"w":0.8355642557144165},"size":30.977941513061525,"orthographic":true}