{"cameraMode":{"drawMode":0,"name":"Shaded","section":"Shading Mode"},"sceneLighting":true,"audioPlay":false,"sceneViewState":{"showFog":true,"showMaterialUpdate":false,"showSkybox":false,"showFlares":true,"showImageEffects":true,"showParticleSystems":true},"in2DMode":false,"pivot":{"x":3.4929192066192629,"y":5.2481303215026859,"z":-8.764976501464844},"rotation":{"x":0.3713216185569763,"y":-0.07924361526966095,"z":0.03182568773627281,"w":0.9245696067810059},"size":19.152544021606447,"orthographic":true}