{"cameraMode":{"drawMode":0,"name":"Shaded","section":"Shading Mode"},"sceneLighting":true,"audioPlay":false,"sceneViewState":{"showFog":true,"showMaterialUpdate":false,"showSkybox":false,"showFlares":true,"showImageEffects":true,"showParticleSystems":true},"in2DMode":false,"pivot":{"x":-4.000000953674316,"y":2.23699951171875,"z":-5.000000953674316},"rotation":{"x":0.1920759677886963,"y":0.693810224533081,"z":-0.2005585879087448,"w":0.6644638776779175},"size":20.05501937866211,"orthographic":true}