{"cameraMode":{"drawMode":0,"name":"Shaded","section":"Shading Mode"},"sceneLighting":true,"audioPlay":false,"sceneViewState":{"showFog":true,"showMaterialUpdate":false,"showSkybox":false,"showFlares":true,"showImageEffects":true,"showParticleSystems":true},"in2DMode":false,"pivot":{"x":5.998195648193359,"y":1.6752877235412598,"z":2.7653465270996095},"rotation":{"x":0.16637466847896577,"y":0.053219739347696307,"z":-0.008992920629680157,"w":0.9845868349075317},"size":23.3598575592041,"orthographic":false}