{"cameraMode":{"drawMode":0,"name":"Shaded","section":"Shading Mode"},"sceneLighting":true,"audioPlay":false,"sceneViewState":{"showFog":true,"showMaterialUpdate":false,"showSkybox":false,"showFlares":true,"showImageEffects":true,"showParticleSystems":true},"in2DMode":false,"pivot":{"x":-4.107534408569336,"y":3.044203758239746,"z":-3.5376439094543459},"rotation":{"x":0.4305660128593445,"y":0.18326064944267274,"z":-0.08974821120500565,"w":0.8791898488998413},"size":13.036017417907715,"orthographic":true}