{"cameraMode":{"drawMode":0,"name":"Shaded","section":"Shading Mode"},"sceneLighting":true,"audioPlay":false,"sceneViewState":{"showFog":true,"showMaterialUpdate":false,"showSkybox":false,"showFlares":true,"showImageEffects":true,"showParticleSystems":true},"in2DMode":false,"pivot":{"x":-6.533938407897949,"y":1.7408294677734376,"z":-1.7249178886413575},"rotation":{"x":-0.46468526124954226,"y":-0.04299704357981682,"z":0.022598348557949067,"w":-0.8841458559036255},"size":23.77098846435547,"orthographic":true}