{"cameraMode":{"drawMode":0,"name":"Shaded","section":"Shading Mode"},"sceneLighting":true,"audioPlay":false,"sceneViewState":{"showFog":true,"showMaterialUpdate":false,"showSkybox":false,"showFlares":true,"showImageEffects":true,"showParticleSystems":true},"in2DMode":false,"pivot":{"x":-7.532177925109863,"y":3.0032334327697756,"z":-0.6204004883766174},"rotation":{"x":0.3493899703025818,"y":0.6065722107887268,"z":-0.3364299535751343,"w":0.6299421191215515},"size":19.6216983795166,"orthographic":true}