{"cameraMode":{"drawMode":0,"name":"Shaded","section":"Shading Mode"},"sceneLighting":true,"audioPlay":false,"sceneViewState":{"showFog":true,"showMaterialUpdate":false,"showSkybox":false,"showFlares":true,"showImageEffects":true,"showParticleSystems":true},"in2DMode":false,"pivot":{"x":-3.4598355293273927,"y":-1.6863411664962769,"z":-4.048004150390625},"rotation":{"x":0.448201447725296,"y":-0.2756707966327667,"z":0.14753496646881104,"w":0.837469756603241},"size":24.93183708190918,"orthographic":false}